Product Name,Price
,
Laptop Gaming Acer Nitro V ANV15-51-58AN,16.490.000đ
Laptop HP 14-EP0220TU B73VWPA V2,10.990.000đ
Laptop Gaming Acer Nitro V ANV15-51-72VS NH.QNASV.004,20.990.000đ
Laptop MSI Gaming Thin 15 B12UC-1416VN V2,16.490.000đ
,
,
,
,
,
Laptop Gaming Acer Nitro V ANV15-51-58AN,16.490.000đ
Apple MacBook Air M2 2024 8CPU 8GPU 16GB 256GB I Chính hãng Apple Việt Nam,21.490.000đ
MacBook Air M4 13 inch 2025 10CPU 8GPU 16GB 256GB | Chính hãng Apple Việt Nam,26.690.000đ
Laptop ASUS TUF Gaming A15 FA506NCR-HN047W,19.990.000đ
Laptop ASUS Vivobook 14 OLED A1405VA-KM257W,17.490.000đ
Laptop HP 250 G9 AG2K7AT,14.990.000đ
Laptop HP Gaming Victus 15-FA1139TX 8Y6W3PA,16.790.000đ
MacBook Air M4 13 inch 2025 10CPU 10GPU 16GB 512GB | Chính hãng Apple Việt Nam,31.990.000đ
MacBook Air M3 13 inch 2024 8CPU 8GPU 16GB - 256GB sạc 30W | Chính hãng Apple Việt Nam,24.690.000đ
MacBook Pro 14 M4 10CPU 10GPU 16GB 512GB | Chính hãng Apple Việt Nam,39.590.000đ
Mac mini M4 2024 10CPU 10GPU 16GB 256GB | Chính hãng Apple Việt Nam,14.490.000đ
Laptop Acer Aspire Lite AL16-51P-55N7 NX.KX0SV.001,13.490.000đ
Laptop Acer Gaming Aspire 7 A715-76-53PJ,13.990.000đ
Laptop ASUS TUF Gaming F15 FX507ZC4-HN095W,19.690.000đ
Laptop ASUS Gaming VivoBook K3605ZC-RP564W,17.790.000đ
Laptop MSI Modern 14 C13M-608VN,12.990.000đ
Laptop ASUS Vivobook 15 X1504ZA-NJ517W,13.490.000đ
Laptop Dell Inspiron 15 3520-5810BLK 102F0,12.490.000đ
Laptop Gaming Acer Nitro 5 Tiger AN515 58 52SP,18.990.000đ
Laptop ASUS Gaming VivoBook K3605ZF-RP634W,16.490.000đ
