stt,title,link
1,Há»£p tÃ¡c khoa há»c cÃ´ng nghá»‡ lÃ  'trá»¥ cá»™t má»›i' trong quan há»‡ Viá»‡t - Nháº­t,https://vnexpress.net/hop-tac-khoa-hoc-cong-nghe-la-tru-cot-moi-trong-quan-he-viet-nhat-4879632.html
2,Thuá»‘c giáº£ tá»« Ä‘Ã¢u ra?,https://vnexpress.net/thuoc-gia-tu-dau-ra-4879316.html
3,Camera ghi hÃ¬nh khoáº£nh kháº¯c lá»­a bÃ¹ng tá»« táº§ng hai ngÃ´i nhÃ  chÃ¡y,https://video.vnexpress.net/camera-ghi-hinh-khoanh-khac-lua-bung-tu-tang-hai-ngoi-nha-chay-4879696.html
4,Khá»‘i diá»…u binh Trung Quá»‘c hÃ¡t 'NhÆ° cÃ³ BÃ¡c trong ngÃ y Ä‘áº¡i tháº¯ng',https://video.vnexpress.net/khoi-dieu-binh-trung-quoc-hat-nhu-co-bac-trong-ngay-dai-thang-4879580.html
5,50 nÄƒm thá»‘ng nháº¥t Ä‘áº¥t nÆ°á»›c,/thoi-su/50-nam-thong-nhat-dat-nuoc
6,Gáº¡ch Äá»“ng TÃ¢m - tá»« xÆ°á»Ÿng nhá» 'cha truyá»n con ná»‘i' thÃ nh doanh nghiá»‡p nghÃ¬n tá»·,https://vnexpress.net/gach-dong-tam-tu-xuong-nho-cha-truyen-con-noi-thanh-doanh-nghiep-nghin-ty-4879353.html
7,NgÆ°á»i chá»¥p áº£nh Ä‘Æ°á»ng phá»‘ SÃ i GÃ²n ngÃ y 30/4/1975,https://vnexpress.net/nguoi-chup-anh-duong-pho-sai-gon-ngay-30-4-1975-4878140.html
8,Tiá»n vÃ o chá»©ng khoÃ¡n tháº¥p nháº¥t 2 thÃ¡ng,https://vnexpress.net/tien-vao-chung-khoan-thap-nhat-2-thang-4879691.html
9,Sáº§u riÃªng Viá»‡t nguy cÆ¡ tháº¥t tháº¿ á»Ÿ thá»‹ trÆ°á»ng Trung Quá»‘c,https://vnexpress.net/sau-rieng-viet-nguy-co-that-the-o-thi-truong-trung-quoc-4877944.html
10,Tia hy vá»ng cho Ukraine tá»« cuá»™c gáº·p Trump - Zelensky táº¡i Vatican,https://vnexpress.net/tia-hy-vong-cho-ukraine-tu-cuoc-gap-trump-zelensky-tai-vatican-4879409.html
11,XÃ¡ lá»£i trÃ¡i tim Bá»“ tÃ¡t ThÃ­ch Quáº£ng Äá»©c Ä‘Æ°á»£c Ä‘Æ°a vá» Viá»‡t Nam Quá»‘c Tá»±,https://vnexpress.net/xa-loi-trai-tim-bo-tat-thich-quang-duc-duoc-dua-ve-viet-nam-quoc-tu-4879605.html
12,Trung Quá»‘c tuyÃªn bá»‘ 'Ä‘i Ä‘Ãºng chiá»u lá»‹ch sá»­' trong thÆ°Æ¡ng chiáº¿n vá»›i Má»¹,https://vnexpress.net/trung-quoc-tuyen-bo-di-dung-chieu-lich-su-trong-thuong-chien-voi-my-4879615.html
13,Y bÃ¡c sÄ© bá»‹ hÃ nh hung váº«n Ã©p tim cá»©u tráº»,https://vnexpress.net/y-bac-si-bi-hanh-hung-van-ep-tim-cuu-tre-4879438.html
14,"PhÆ°Æ¡ng Ã¡n sÃ¡p nháº­p xÃ£ phÆ°á»ng á»Ÿ PhÃº Thá», HÃ²a BÃ¬nh, VÄ©nh PhÃºc",https://vnexpress.net/phuong-an-sap-nhap-xa-phuong-o-phu-tho-hoa-binh-vinh-phuc-4879352.html
15,TrÃ¬nh bÃ¡o máº¥t 400 triá»‡u Ä‘á»“ng sau cÃº lá»«a 'thanh toÃ¡n 16.000 Ä‘á»“ng phÃ­ ship',https://vnexpress.net/trinh-bao-mat-400-trieu-dong-sau-khi-thanh-toan-16-000-dong-phi-ship-hang-4879608.html
16,GiÃ¡ vÃ ng miáº¿ng vá» dÆ°á»›i 120 triá»‡u Ä‘á»“ng má»™t lÆ°á»£ng,https://vnexpress.net/gia-vang-mieng-giam-con-120-trieu-dong-mot-luong-4879562.html
17,Ã”tÃ´ Ä‘Æ°á»£c vÃ o 30 km cao tá»‘c Báº¿n Lá»©c - Long ThÃ nh tá»« chiá»u 28/4,https://vnexpress.net/oto-duoc-vao-30-km-cao-toc-ben-luc-long-thanh-tu-chieu-28-4-4879614.html
18,Ã”ng Putin cáº£m Æ¡n Triá»u TiÃªn Ä‘Ã£ Ä‘iá»u quÃ¢n tham chiáº¿n táº¡i Nga,https://vnexpress.net/ong-putin-cam-on-trieu-tien-da-dieu-quan-tham-chien-tai-nga-4879620.html
19,KhÃ¡ch nÆ°á»›c ngoÃ i báº­t khÃ³c á»Ÿ Báº£o tÃ ng Chá»©ng tÃ­ch Chiáº¿n tranh,https://vnexpress.net/khach-nuoc-ngoai-bat-khoc-o-bao-tang-chung-tich-chien-tranh-4879281.html
20,Ã”ng Y Thanh HÃ  NiÃª K'Ä‘Äƒm lÃ m BÃ­ thÆ° LÃ¢m Äá»“ng,https://vnexpress.net/bi-thu-tinh-uy-lam-dong-y-thanh-ha-nie-kdam-4879408.html
21,'Cáº¥p cÃ³ tháº©m quyá»n Ä‘Ã£ xem xÃ©t cáº©n tháº­n viá»‡c bá» thÃ nh phá»‘ thuá»™c tá»‰nh',https://vnexpress.net/cap-co-tham-quyen-da-xem-xet-can-than-viec-bo-thanh-pho-thuoc-tinh-4879595.html
22,NhÃ  mÃ¡y Trung Quá»‘c tÃ¬m cÃ¡ch Ä‘á»‘i phÃ³ thuáº¿ Má»¹,https://vnexpress.net/nha-may-trung-quoc-tim-cach-doi-pho-thue-my-4879554.html
23,BÃ¹i ÄÃ¬nh KhÃ¡nh bá»‹ khá»Ÿi tá»‘ trong vá»¥ ná»• sÃºng khiáº¿n thiáº¿u tÃ¡ cÃ´ng an hy sinh,https://vnexpress.net/bui-dinh-khanh-bi-khoi-to-trong-vu-no-sung-khien-thieu-ta-cong-an-hy-sinh-4879455.html
24,55% ngÆ°á»i Má»¹ khÃ´ng á»§ng há»™ Ã´ng Trump á»Ÿ má»‘c 100 ngÃ y náº¯m quyá»n,https://vnexpress.net/55-nguoi-my-khong-ung-ho-ong-trump-o-moc-100-ngay-nam-quyen-4879423.html
25,CÃ¡ch Slot giÃºp Liverpool vÃ´ Ä‘á»‹ch mÃ  khÃ´ng cáº§n tÃ¢n binh,https://vnexpress.net/cach-slot-giup-liverpool-vo-dich-ma-khong-can-tan-binh-4879447.html
26,"ChÃ¡y nhÃ  á»Ÿ HÃ  Ná»™i, 3 ngÆ°á»i tá»­ vong",https://vnexpress.net/chay-nha-o-ha-noi-3-nguoi-tu-vong-4879392.html
27,Triá»u TiÃªn láº§n Ä‘áº§u xÃ¡c nháº­n Ä‘iá»u quÃ¢n tham chiáº¿n táº¡i Nga,https://vnexpress.net/trieu-tien-lan-dau-xac-nhan-dieu-quan-tham-chien-tai-nga-4879382.html
